{
  "model": {
    "type": "minecraft:range_dispatch",
    "property": "minecraft:custom_model_data",
    "fallback": {
      "type": "minecraft:model",
      "model": "minecraft:item/leather_helmet"
    },
    "entries": [
      {
        "threshold": 179001,
        "model": {
          "type": "minecraft:model",
          "model": "mechwarrior:mech/mech_robot"
        }
      },
      {
        "threshold": 179002,
        "model": {
          "type": "minecraft:model",
          "model": "mechwarrior:mech/mech_robot"
        }
      },
      {
        "threshold": 179003,
        "model": {
          "type": "minecraft:model",
          "model": "mechwarrior:mech/mech_robot"
        }
      }
    ]
  }
}
